{"cameraMode":{"drawMode":0,"name":"Shaded","section":"Shading Mode"},"sceneLighting":true,"audioPlay":false,"sceneViewState":{"showFog":true,"showMaterialUpdate":false,"showSkybox":true,"showFlares":true,"showImageEffects":true,"showParticleSystems":true},"in2DMode":false,"pivot":{"x":-0.5470880270004273,"y":2.55902099609375,"z":13.354813575744629},"rotation":{"x":0.6006932258605957,"y":0.007195059675723314,"z":-0.005406385287642479,"w":0.7994294762611389},"size":14.19139289855957,"orthographic":false}